zone,LocationID,area_miles2,nightlife_count,nightlife_density_per_sq_mile,education_count,education_density_per_sq_mile,healthcare_count,healthcare_density_per_sq_mile,venues_count,venues_density_per_sq_mile,tourism_count,tourism_density_per_sq_mile,hotel_count,hotel_density_per_sq_mile,transit_count,transit_density_per_sq_mile,restaurants_count,restaurant_density_per_sq_mile
Newark Airport,1,30.517191775755958,9.0,0.294915733601345,0.0,0.0,0.0,0.0,0.0,0.0,0.0,0.0,2.0,0.06553682968918777,13.0,0.42598939297972055,68.0,2.2282522094323842
Jamaica Bay,2,55.56352624377827,0.0,0.0,0.0,0.0,0.0,0.0,0.0,0.0,0.0,0.0,0.0,0.0,0.0,0.0,0.0,0.0
Allerton/Pelham Gardens,3,12.233623444804033,1.0,0.08174193071348197,6.0,0.49045158428089186,3.0,0.24522579214044593,0.0,0.0,5.0,0.4087096535674099,1.0,0.08174193071348197,2.0,0.16348386142696394,6.0,0.49045158428089186
Alphabet City,4,3.097966416976621,11.0,3.5507163472530996,7.0,2.2595467664337905,9.0,2.905131556843445,4.0,1.2911695808193089,5.0,1.6139619760241362,0.0,0.0,0.0,0.0,33.0,10.6521490417593
Arden Heights,5,19.465206473882073,0.0,0.0,2.0,0.10274743310242046,1.0,0.05137371655121023,2.0,0.10274743310242046,2.0,0.10274743310242046,0.0,0.0,0.0,0.0,5.0,0.2568685827560512
Arrochar/Fort Wadsworth,6,15.804939031882089,0.0,0.0,10.0,0.632713608058074,8.0,0.5061708864464592,0.0,0.0,11.0,0.6959849688638814,2.0,0.1265427216116148,1.0,0.0632713608058074,15.0,0.9490704120871111
Astoria,7,15.1895922726518,53.0,3.4892312478606944,11.0,0.7241800703107102,52.0,3.4233966960142665,6.0,0.3950073110785692,10.0,0.658345518464282,3.0,0.1975036555392846,4.0,0.2633382073857128,315.0,20.73788383162488
Astoria Park,8,1.0358307174840693,0.0,0.0,0.0,0.0,0.0,0.0,0.0,0.0,1.0,0.9654087131427241,0.0,0.0,0.0,0.0,0.0,0.0
Auburndale,9,13.190817747599853,2.0,0.1516206226383434,4.0,0.3032412452766868,5.0,0.3790515565958585,0.0,0.0,1.0,0.0758103113191717,2.0,0.1516206226383434,1.0,0.0758103113191717,11.0,0.8339134245108886
Baisley Park,10,17.0044113370161,2.0,0.11761653845942284,6.0,0.35284961537826853,2.0,0.11761653845942284,1.0,0.05880826922971142,4.0,0.23523307691884568,8.0,0.47046615383769136,0.0,0.0,18.0,1.0585488461348056
Bath Beach,11,7.928858599581496,0.0,0.0,6.0,0.7567293481960561,7.0,0.8828509062287321,0.0,0.0,1.0,0.12612155803267602,0.0,0.0,0.0,0.0,21.0,2.6485527186861964
Battery Park,12,0.4206822943559444,0.0,0.0,0.0,0.0,0.0,0.0,1.0,2.3770907723392036,2.0,4.754181544678407,0.0,0.0,3.0,7.13127231701761,3.0,7.13127231701761
Battery Park City,13,1.900739938407832,3.0,1.5783327005339671,2.0,1.052221800355978,2.0,1.052221800355978,0.0,0.0,15.0,7.891663502669836,1.0,0.526110900177989,0.0,0.0,36.0,18.939992406407605
Bay Ridge,14,25.91464941856709,20.0,0.7717642510598882,24.0,0.926117101271866,104.0,4.013174105511419,14.0,0.5402349757419218,18.0,0.6945878259538995,1.0,0.03858821255299441,4.0,0.15435285021197764,248.0,9.569876713142614
Bay Terrace/Fort Totten,15,17.87481205548295,0.0,0.0,6.0,0.3356678650033442,3.0,0.1678339325016721,2.0,0.11188928833444807,6.0,0.3356678650033442,0.0,0.0,0.0,0.0,21.0,1.1748375275117047
Bayside,16,31.195732611565038,2.0,0.06411133294746058,10.0,0.3205566647373029,6.0,0.19233399884238173,1.0,0.03205566647373029,10.0,0.3205566647373029,3.0,0.09616699942119086,1.0,0.03205566647373029,37.0,1.1860596595280206
Bedford,17,12.598391367292892,17.0,1.3493786233799874,20.0,1.5875042627999851,16.0,1.2700034102399882,6.0,0.4762512788399955,15.0,1.1906281970999888,1.0,0.07937521313999926,4.0,0.31750085255999705,123.0,9.763151216219908
Bedford Park,18,5.791373613443153,1.0,0.17267060748399354,6.0,1.0360236449039613,11.0,1.8993766823239289,0.0,0.0,9.0,1.5540354673559418,0.0,0.0,4.0,0.6906824299359742,19.0,3.280741542195877
Bellerose,19,21.310996697843663,1.0,0.04692413096292133,7.0,0.3284689167404493,14.0,0.6569378334808986,4.0,0.1876965238516853,16.0,0.7507860954067412,1.0,0.04692413096292133,0.0,0.0,17.0,0.7977102263696626
Belmont,20,5.234307574726197,1.0,0.19104723704592566,15.0,2.8657085556888853,4.0,0.7641889481837026,0.0,0.0,14.0,2.6746613186429595,1.0,0.19104723704592566,2.0,0.3820944740918513,31.0,5.922464348423696
Bensonhurst East,21,13.813603320499103,0.0,0.0,11.0,0.7963164820055478,9.0,0.6515316670954482,0.0,0.0,10.0,0.723924074550498,1.0,0.07239240745504981,4.0,0.28956962982019924,36.0,2.6061266683817927
Bensonhurst West,22,18.018825162146264,0.0,0.0,17.0,0.943457736396344,29.0,1.6094279032643515,2.0,0.11099502781133458,3.0,0.16649254171700187,0.0,0.0,9.0,0.49947762515100563,117.0,6.493209126963073
Bloomfield/Emerson Hill,23,81.66505651679442,1.0,0.012245139385832054,15.0,0.18367709078748082,58.0,0.7102180843782591,6.0,0.07347083631499232,10.0,0.12245139385832053,7.0,0.08571597570082437,0.0,0.0,47.0,0.5755215511341065
Bloomingdale,24,1.6332504785582567,5.0,3.061379785673612,6.0,3.6736557428083345,7.0,4.285931699943057,0.0,0.0,6.0,3.6736557428083345,1.0,0.6122759571347224,0.0,0.0,54.0,33.06290168527501
Boerum Hill,25,4.8441540808326895,24.0,4.954425395955717,29.0,5.986597353446491,38.0,7.844506876929885,16.0,3.302950263970478,12.0,2.4772126979778584,9.0,1.8579095234833938,4.0,0.8257375659926195,134.0,27.662208460752755
Borough Park,26,20.851358733189745,1.0,0.04795850538067188,30.0,1.4387551614201564,13.0,0.6234605699487344,3.0,0.14387551614201566,9.0,0.4316265484260469,1.0,0.04795850538067188,4.0,0.19183402152268753,27.0,1.2948796452781408
Breezy Point/Fort Tilden/Riis Beach,27,28.2211989322237,1.0,0.035434355655888664,0.0,0.0,1.0,0.035434355655888664,1.0,0.035434355655888664,0.0,0.0,0.0,0.0,0.0,0.0,9.0,0.31890920090299796
Briarwood/Jamaica Hills,28,11.356303645885086,2.0,0.1761136424636455,14.0,1.2327954972455186,12.0,1.056681854781873,0.0,0.0,6.0,0.5283409273909365,5.0,0.4402841061591138,1.0,0.08805682123182275,33.0,2.905875100650151
Brighton Beach,29,6.633619859505522,2.0,0.3014945146629313,8.0,1.2059780586517252,46.0,6.93437383724742,4.0,0.6029890293258626,8.0,1.2059780586517252,0.0,0.0,2.0,0.3014945146629313,42.0,6.331384807921557
Broad Channel,30,5.697436418938739,0.0,0.0,1.0,0.17551753568954612,0.0,0.0,0.0,0.0,3.0,0.5265526070686384,0.0,0.0,1.0,0.17551753568954612,1.0,0.17551753568954612
Bronx Park,31,12.996036623457261,0.0,0.0,1.0,0.07694653600737358,0.0,0.0,1.0,0.07694653600737358,26.0,2.0006099361917133,0.0,0.0,1.0,0.07694653600737358,6.0,0.4616792160442415
Bronxdale,32,5.870636390665979,0.0,0.0,9.0,1.533053556903908,3.0,0.5110178523013027,0.0,0.0,4.0,0.6813571364017369,0.0,0.0,2.0,0.34067856820086845,12.0,2.044071409205211
Brooklyn Heights,33,4.253977127239559,7.0,1.6455189557030734,23.0,5.406705140167241,32.0,7.522372368928336,9.0,2.1156672287610943,13.0,3.0559637748771364,2.0,0.470148273058021,3.0,0.7052224095870315,98.0,23.037265379843028
Brooklyn Navy Yard,34,4.321549358682944,3.0,0.6941954727353373,0.0,0.0,2.0,0.4627969818235582,0.0,0.0,3.0,0.6941954727353373,0.0,0.0,0.0,0.0,9.0,2.082586418206012
Brownsville,35,12.637401933371835,1.0,0.07913018872647236,15.0,1.1869528308970854,5.0,0.3956509436323618,3.0,0.23739056617941706,19.0,1.5034735858029749,2.0,0.15826037745294472,6.0,0.4747811323588341,11.0,0.870432075991196
Bushwick North,36,9.660018229261034,54.0,5.590051562887253,17.0,1.7598310475756167,15.0,1.5527921008020147,10.0,1.0351947338680099,12.0,1.2422336806416119,1.0,0.10351947338680098,6.0,0.6211168403208059,176.0,18.219427316076974
Bushwick South,37,17.63380924808419,48.0,2.7220437356843314,11.0,0.6238016894276592,11.0,0.6238016894276592,11.0,0.6238016894276592,17.0,0.9640571563882007,6.0,0.34025546696054143,6.0,0.34025546696054143,100.0,5.6709244493423565
Cambria Heights,38,12.770854176656986,0.0,0.0,10.0,0.7830329797577948,3.0,0.23490989392733846,0.0,0.0,6.0,0.46981978785467693,0.0,0.0,0.0,0.0,19.0,1.4877626615398103
Canarsie,39,31.686970722947628,0.0,0.0,15.0,0.47338068795377264,5.0,0.15779356265125755,1.0,0.03155871253025151,8.0,0.2524697002420121,0.0,0.0,1.0,0.03155871253025151,14.0,0.44182197542352114
Carroll Gardens,40,4.250825623419905,16.0,3.763974676318895,17.0,3.9992230935888258,15.0,3.528726259048964,8.0,1.8819873381594474,6.0,1.4114905036195855,0.0,0.0,1.0,0.23524841726993093,74.0,17.408382877974887
Central Harlem,41,5.572622276075676,4.0,0.7177949270261432,16.0,2.871179708104573,13.0,2.3328335128349655,5.0,0.897243658782679,7.0,1.2561411222957506,5.0,0.897243658782679,5.0,0.897243658782679,87.0,15.612039662818615
Central Harlem North,42,9.807419139458897,3.0,0.3058908727505979,27.0,2.7530178547553814,7.0,0.7137453697513951,8.0,0.8157089940015945,22.0,2.2431997335043845,0.0,0.0,4.0,0.40785449700079723,55.0,5.6079993337609615
Central Park,43,14.790415493845648,2.0,0.13522270559824423,1.0,0.06761135279912212,0.0,0.0,6.0,0.40566811679473264,29.0,1.9607292311745412,0.0,0.0,1.0,0.06761135279912212,9.0,0.608502175192099
Charleston/Tottenville,44,56.299118982376854,2.0,0.03552453459575547,10.0,0.17762267297877735,12.0,0.21314720757453282,8.0,0.14209813838302188,9.0,0.15986040568089963,2.0,0.03552453459575547,4.0,0.07104906919151094,62.0,1.1012605724684195
Chinatown,45,2.876577787758663,7.0,2.433447143264697,9.0,3.128717755626039,22.0,7.647976735974762,5.0,1.738176530903355,19.0,6.605070817432749,7.0,2.433447143264697,1.0,0.347635306180671,137.0,47.626036946751924
City Island,46,6.699627566257351,3.0,0.44778608517128454,2.0,0.29852405678085636,3.0,0.44778608517128454,0.0,0.0,6.0,0.8955721703425691,0.0,0.0,2.0,0.29852405678085636,16.0,2.388192454246851
Claremont/Bathgate,47,6.3519657873203865,1.0,0.15743157842508718,12.0,1.889178941101046,3.0,0.4722947352752615,0.0,0.0,11.0,1.731747362675959,0.0,0.0,1.0,0.15743157842508718,6.0,0.944589470550523
Clinton East,48,3.6729233507669274,42.0,11.435033075555513,12.0,3.267152307301575,12.0,3.267152307301575,17.0,4.6284657686772315,6.0,1.6335761536507876,30.0,8.167880768253939,2.0,0.5445253845502626,234.0,63.70946999238072
Clinton Hill,49,7.926566715803439,25.0,3.1539506190185387,18.0,2.270844445693348,24.0,3.027792594257797,8.0,1.0092641980859323,10.0,1.2615802476074154,0.0,0.0,5.0,0.6307901238037077,117.0,14.760488897006761
Clinton West,50,3.4241525444774203,10.0,2.920430637977362,3.0,0.8761291913932086,5.0,1.460215318988681,4.0,1.1681722551909448,6.0,1.752258382786417,5.0,1.460215318988681,1.0,0.2920430637977362,28.0,8.177205786336614
Co-Op City,51,15.396411818643841,0.0,0.0,4.0,0.2598007930105062,1.0,0.06495019825262655,0.0,0.0,0.0,0.0,1.0,0.06495019825262655,1.0,0.06495019825262655,16.0,1.0392031720420247
Cobble Hill,52,1.7634611833523541,5.0,2.835333177277517,6.0,3.4023998127330204,14.0,7.938932896377048,1.0,0.5670666354555034,3.0,1.7011999063665102,0.0,0.0,0.0,0.0,39.0,22.115598782764632
College Point,53,19.54292319739977,1.0,0.05116941769146656,6.0,0.3070165061487994,0.0,0.0,0.0,0.0,6.0,0.3070165061487994,2.0,0.10233883538293312,0.0,0.0,7.0,0.35818592384026593
Columbia Street,54,2.3990173654258973,3.0,1.2505119984687607,1.0,0.41683733282292024,1.0,0.41683733282292024,3.0,1.2505119984687607,2.0,0.8336746656458405,0.0,0.0,0.0,0.0,13.0,5.418885326697963
Coney Island,55,18.330972030052326,5.0,0.27276240407780095,11.0,0.6000772889711621,14.0,0.7637347314178426,6.0,0.32731488489336114,46.0,2.5094141175157687,0.0,0.0,3.0,0.16365744244668057,61.0,3.3277013297491718
Corona,56,7.051878602066136,1.0,0.14180618476713555,8.0,1.1344494781370844,11.0,1.559868032438491,0.0,0.0,7.0,0.9926432933699488,4.0,0.5672247390685422,0.0,0.0,34.0,4.821410282082609
Corona,56,0.7025517514702188,1.0,1.4233826873355822,8.0,11.387061498684657,11.0,15.657209560691404,0.0,0.0,7.0,9.963678811349075,4.0,5.693530749342329,0.0,0.0,34.0,48.395011369409794
Country Club,58,5.136553484840658,0.0,0.0,0.0,0.0,0.0,0.0,0.0,0.0,0.0,0.0,0.0,0.0,0.0,0.0,1.0,0.19468306967916663
Crotona Park,59,2.4474217117701156,0.0,0.0,1.0,0.40859325354139425,0.0,0.0,0.0,0.0,1.0,0.40859325354139425,0.0,0.0,0.0,0.0,0.0,0.0
Crotona Park East,60,6.299670007283172,0.0,0.0,6.0,0.9524308405143892,3.0,0.4762154202571946,0.0,0.0,8.0,1.2699077873525189,0.0,0.0,1.0,0.15873847341906486,7.0,1.111169313933454
Crown Heights North,61,19.929974968450566,21.0,1.0536892310824926,31.0,1.5554460077884413,24.0,1.2042162640942773,6.0,0.3010540660235693,19.0,0.9533378757413028,8.0,0.40140542136475904,7.0,0.35122974369416415,155.0,7.777230038942207
Crown Heights South,62,6.175073214713697,4.0,0.6477655990327327,10.0,1.6194139975818316,7.0,1.1335897983072822,2.0,0.32388279951636634,4.0,0.6477655990327327,0.0,0.0,3.0,0.4858241992745495,35.0,5.66794899153641
Cypress Hills,63,13.77935460446902,0.0,0.0,8.0,0.5805787157408215,1.0,0.07257233946760269,1.0,0.07257233946760269,6.0,0.43543403680561615,0.0,0.0,7.0,0.5080063762732189,11.0,0.7982957341436296
Douglaston,64,36.596806580597345,0.0,0.0,9.0,0.24592309660077175,3.0,0.08197436553359058,2.0,0.054649577022393724,19.0,0.5191709817127403,0.0,0.0,2.0,0.054649577022393724,11.0,0.3005726736231655
Downtown Brooklyn/MetroTech,65,3.190940679416372,6.0,1.8803232660211688,17.0,5.327582587059978,6.0,1.8803232660211688,1.0,0.3133872110035281,13.0,4.074033743045866,8.0,2.507097688028225,4.0,1.2535488440141125,68.0,21.310330348239912
DUMBO/Vinegar Hill,66,2.961065700676076,6.0,2.026297491011452,9.0,3.039446236517178,2.0,0.6754324970038174,7.0,2.3640137395133607,14.0,4.728027479026721,0.0,0.0,1.0,0.3377162485019087,50.0,16.885812425095434
Dyker Heights,67,15.397181168957967,0.0,0.0,9.0,0.5845225759988308,5.0,0.3247347644437949,0.0,0.0,4.0,0.2597878115550359,1.0,0.06494695288875897,0.0,0.0,22.0,1.4288329635526975
East Chelsea,68,4.32924338702792,22.0,5.081719375242443,13.0,3.0028341762796256,12.0,2.7718469319504235,16.0,3.6957959092672317,10.0,2.3098724432920195,25.0,5.774681108230049,3.0,0.6929617329876059,159.0,36.72697184834311
East Concourse/Concourse Village,69,7.748754312168076,1.0,0.12905300125849561,20.0,2.5810600251699123,3.0,0.38715900377548684,0.0,0.0,9.0,1.1614770113264605,0.0,0.0,3.0,0.38715900377548684,5.0,0.6452650062924781
East Elmhurst,70,7.616581801255994,1.0,0.13129249131613047,5.0,0.6564624565806524,0.0,0.0,1.0,0.13129249131613047,11.0,1.4442174044774352,6.0,0.7877549478967828,0.0,0.0,18.0,2.3632648436903487
East Flatbush/Farragut,71,14.934422167470142,1.0,0.0669594035032825,8.0,0.53567522802626,3.0,0.2008782105098475,0.0,0.0,3.0,0.2008782105098475,0.0,0.0,1.0,0.0669594035032825,4.0,0.26783761401313
East Flatbush/Remsen Village,72,12.628164826848337,0.0,0.0,14.0,1.1086329796895784,2.0,0.15837613995565406,0.0,0.0,6.0,0.47512841986696214,0.0,0.0,0.0,0.0,6.0,0.47512841986696214
East Flushing,73,11.372347811101971,1.0,0.0879325902276551,4.0,0.3517303609106204,3.0,0.2637977706829653,0.0,0.0,3.0,0.2637977706829653,0.0,0.0,0.0,0.0,14.0,1.2310562631871713
East Harlem North,74,9.458504923959143,1.0,0.10572495421204683,18.0,1.903049175816843,17.0,1.7973242216047962,9.0,0.9515245879084215,15.0,1.5858743131807025,0.0,0.0,3.0,0.31717486263614053,80.0,8.457996336963747
East Harlem South,75,6.429036119022003,6.0,0.9332658720406647,19.0,2.9553419281287714,26.0,4.044152112176214,2.0,0.3110886240135549,21.0,3.2664305521423262,0.0,0.0,4.0,0.6221772480271098,92.0,14.310076704623524
East New York,76,45.23187545520727,0.0,0.0,24.0,0.5305992678496603,3.0,0.06632490848120753,1.0,0.02210830282706918,17.0,0.37584114806017604,5.0,0.1105415141353459,9.0,0.19897472544362263,38.0,0.8401155074286288
East New York/Pennsylvania Avenue,77,7.489388831286664,0.0,0.0,8.0,1.0681779488574923,1.0,0.13352224360718654,0.0,0.0,9.0,1.2017001924646789,1.0,0.13352224360718654,3.0,0.4005667308215596,2.0,0.26704448721437307
East Tremont,78,7.438286484251903,0.0,0.0,7.0,0.9410769556698537,3.0,0.40331869528708014,1.0,0.13443956509569338,20.0,2.688791301913868,0.0,0.0,2.0,0.26887913019138676,4.0,0.5377582603827735
East Village,79,4.206588193030293,121.0,28.764403466086712,16.0,3.803557483118904,19.0,4.516724511203699,21.0,4.9921691965935615,27.0,6.41850325276315,5.0,1.1886117134746574,2.0,0.475444685389863,414.0,98.41704987570164
East Williamsburg,80,15.122027342363594,37.0,2.44676187671916,15.0,0.9919304905618216,12.0,0.7935443924494573,5.0,0.33064349685394057,17.0,1.1241878893033979,0.0,0.0,3.0,0.19838609811236432,94.0,6.2160977408540825
Eastchester,81,15.54303012957651,0.0,0.0,3.0,0.1930125577181609,1.0,0.06433751923938696,0.0,0.0,8.0,0.5147001539150957,1.0,0.06433751923938696,1.0,0.06433751923938696,10.0,0.6433751923938696
Elmhurst,82,12.614464646409859,10.0,0.7927407369480441,10.0,0.7927407369480441,42.0,3.3295110951817852,0.0,0.0,16.0,1.2683851791168705,0.0,0.0,5.0,0.3963703684740221,93.0,7.37248885361681
Elmhurst/Maspeth,83,8.477250995866633,1.0,0.11796276888434509,5.0,0.5898138444217255,9.0,1.061664919959106,0.0,0.0,8.0,0.9437021510747607,5.0,0.5898138444217255,0.0,0.0,48.0,5.6622129064485645
Eltingville/Annadale/Prince's Bay,84,54.386907643454805,0.0,0.0,12.0,0.22064133667368271,17.0,0.3125752269543839,3.0,0.05516033416842068,14.0,0.2574148927859632,0.0,0.0,5.0,0.09193389028070113,27.0,0.4964430075157861
Erasmus,85,5.607013867463235,1.0,0.17834805185749025,8.0,1.426784414859922,5.0,0.8917402592874513,2.0,0.3566961037149805,2.0,0.3566961037149805,0.0,0.0,2.0,0.3566961037149805,5.0,0.8917402592874513
Far Rockaway,86,20.971544126572358,0.0,0.0,15.0,0.7152549144435192,3.0,0.14305098288870385,0.0,0.0,12.0,0.5722039315548154,0.0,0.0,2.0,0.09536732192580256,15.0,0.7152549144435192
Financial District North,87,1.6149485863073734,12.0,7.4305771104691,3.0,1.857644277617275,11.0,6.811362351263342,1.0,0.6192147592057583,13.0,8.049791869674857,19.0,11.765080424909408,5.0,3.0960737960287914,143.0,88.54771056642343
Financial District South,88,1.0121955065573907,9.0,8.89156288651209,6.0,5.92770859100806,4.0,3.951805727338707,0.0,0.0,6.0,5.92770859100806,6.0,5.92770859100806,7.0,6.915660022842737,77.0,76.07226025127011
Flatbush/Ditmas Park,89,17.472523666495675,6.0,0.3433963012169365,23.0,1.3163524879982564,28.0,1.6025160723457035,2.0,0.11446543373897881,5.0,0.28616358434744704,3.0,0.17169815060846824,6.0,0.3433963012169365,94.0,5.379875385732005
Flatiron,90,2.1561095949801294,14.0,6.493176428784003,4.0,1.855193265366858,9.0,4.174184847075431,4.0,1.855193265366858,4.0,1.855193265366858,10.0,4.637983163417145,6.0,2.782789898050287,88.0,40.814251838070874
Flatlands,91,20.981282574932894,1.0,0.047661528623361496,8.0,0.38129222898689197,7.0,0.3336307003635305,0.0,0.0,10.0,0.476615286233615,0.0,0.0,0.0,0.0,11.0,0.5242768148569765
Flushing,92,14.611327019752244,4.0,0.2737602131957365,14.0,0.9581607461850778,30.0,2.053201598968024,5.0,0.34220026649467067,36.0,2.463841918761629,17.0,1.1634809060818803,2.0,0.13688010659786826,145.0,9.92380772834545
Flushing Meadows-Corona Park,93,21.146806544053415,5.0,0.23644232000628124,1.0,0.04728846400125625,0.0,0.0,12.0,0.567461568015075,30.0,1.4186539200376875,0.0,0.0,3.0,0.14186539200376874,15.0,0.7093269600188438
Fordham South,94,2.4352446076386447,0.0,0.0,4.0,1.6425454705671778,9.0,3.69572730877615,2.0,0.8212727352835889,3.0,1.2319091029253835,0.0,0.0,2.0,0.8212727352835889,20.0,8.21272735283589
Forest Hills,95,22.33350101816947,5.0,0.2238789160701781,20.0,0.8955156642807124,109.0,4.880560370329882,10.0,0.4477578321403562,21.0,0.940291447494748,0.0,0.0,4.0,0.17910313285614246,156.0,6.9850221813895566
Forest Park/Highland Park,96,21.358470011246734,0.0,0.0,0.0,0.0,0.0,0.0,1.0,0.046819833043913246,1.0,0.046819833043913246,0.0,0.0,0.0,0.0,0.0,0.0
Fort Greene,97,6.37046363327917,16.0,2.5115911370118074,12.0,1.8836933527588553,20.0,3.139488921264759,16.0,2.5115911370118074,17.0,2.668565583075045,1.0,0.15697444606323796,6.0,0.9418466763794276,97.0,15.22652126813408
Fresh Meadows,98,18.937626662586013,1.0,0.05280492734475767,6.0,0.316829564068546,8.0,0.42243941875806135,1.0,0.05280492734475767,13.0,0.6864640554818496,1.0,0.05280492734475767,0.0,0.0,55.0,2.9042710039616715
Freshkills Park,99,44.87471691541971,2.0,0.0445685262766029,1.0,0.02228426313830145,1.0,0.02228426313830145,0.0,0.0,3.0,0.06685278941490434,0.0,0.0,0.0,0.0,7.0,0.15598984196811014
Garment District,100,1.4603365967928388,16.0,10.956378163184345,1.0,0.6847736351990216,5.0,3.4238681759951075,4.0,2.7390945407960863,6.0,4.108641811194129,14.0,9.5868308927863,5.0,3.4238681759951075,123.0,84.22715712947965
Glen Oaks,101,17.631330888638594,3.0,0.1701516475953135,5.0,0.28358607932552254,17.0,0.9641926697067766,1.0,0.0567172158651045,9.0,0.5104549427859406,1.0,0.0567172158651045,0.0,0.0,42.0,2.382123066334389
Glendale,102,11.567952350998269,3.0,0.259337167804042,6.0,0.518674335608084,6.0,0.518674335608084,1.0,0.08644572260134732,4.0,0.3457828904053893,0.0,0.0,0.0,0.0,35.0,3.0256002910471564
Governor's Island/Ellis Island/Liberty Island,103,0.24695761897031349,2.0,8.098555567303302,3.0,12.147833350954954,0.0,0.0,3.0,12.147833350954954,9.0,36.44350005286486,0.0,0.0,5.0,20.24638891825826,11.0,44.54205562016816
Governor's Island/Ellis Island/Liberty Island,103,0.4649633042189761,2.0,4.301414717790489,3.0,6.452122076685733,0.0,0.0,3.0,6.452122076685733,9.0,19.356366230057198,0.0,0.0,5.0,10.75353679447622,11.0,23.657780947847687
Governor's Island/Ellis Island/Liberty Island,103,2.9856959138548573,2.0,0.6698605811526811,3.0,1.0047908717290217,0.0,0.0,3.0,1.0047908717290217,9.0,3.014372615187065,0.0,0.0,5.0,1.6746514528817027,11.0,3.684233196339746
Gowanus,106,4.433313489161368,14.0,3.157908872049633,6.0,1.3533895165927,8.0,1.8045193554569332,20.0,4.511298388642333,5.0,1.1278245971605831,9.0,2.0300842748890497,3.0,0.67669475829635,51.0,11.503810891037949
Gramercy,107,2.908579690146094,28.0,9.626691713092997,15.0,5.157156274871248,33.0,11.345743804716745,11.0,3.781914601572249,5.0,1.7190520916237495,12.0,4.125725019896999,2.0,0.6876208366494998,163.0,56.04109818693423
Gravesend,108,12.099251968432949,2.0,0.165299475142597,9.0,0.7438476381416865,6.0,0.495898425427791,2.0,0.165299475142597,6.0,0.495898425427791,2.0,0.165299475142597,4.0,0.330598950285194,10.0,0.826497375712985
Great Kills,109,34.59389044874264,5.0,0.1445341918801657,12.0,0.34688206051239767,42.0,1.2140872117933919,4.0,0.11562735350413254,8.0,0.2312547070082651,0.0,0.0,2.0,0.05781367675206627,68.0,1.9656650095702533
Great Kills Park,110,9.03365943715016,0.0,0.0,0.0,0.0,0.0,0.0,0.0,0.0,1.0,0.11069711083944395,0.0,0.0,0.0,0.0,0.0,0.0
Green-Wood Cemetery,111,8.145376772661681,0.0,0.0,0.0,0.0,0.0,0.0,0.0,0.0,6.0,0.7366141760486504,0.0,0.0,0.0,0.0,0.0,0.0
Greenpoint,112,13.65857872172573,50.0,3.6607029925059886,9.0,0.658926538651078,25.0,1.8303514962529943,7.0,0.5124984189508384,19.0,1.3910671371522756,4.0,0.29285623940047906,2.0,0.14642811970023953,150.0,10.982108977517965
Greenwich Village North,113,2.2597416334932783,9.0,3.9827561994718503,22.0,9.735626265375634,11.0,4.867813132687817,6.0,2.6551707996479004,10.0,4.4252846660798335,4.0,1.7701138664319336,4.0,1.7701138664319336,109.0,48.23560286027019
Greenwich Village South,114,1.8332495013086294,43.0,23.455617999244122,10.0,5.454794883545145,3.0,1.6364384650635435,14.0,7.636712836963203,16.0,8.72767181367223,1.0,0.5454794883545144,3.0,1.6364384650635435,145.0,79.0945258114046
Grymes Hill/Clifton,115,14.573043744304888,0.0,0.0,11.0,0.7548182928016514,3.0,0.20585953440045035,2.0,0.13723968960030025,8.0,0.548958758401201,0.0,0.0,0.0,0.0,3.0,0.20585953440045035
Hamilton Heights,116,6.213898867509637,1.0,0.1609295582888643,7.0,1.1265069080220502,4.0,0.6437182331554572,5.0,0.8046477914443215,9.0,1.4483660245997787,2.0,0.3218591165777286,2.0,0.3218591165777286,53.0,8.529266589309808
Hammels/Arverne,117,23.905685847770346,4.0,0.1673242100424019,7.0,0.29281736757420335,4.0,0.1673242100424019,2.0,0.08366210502120094,10.0,0.41831052510600475,1.0,0.04183105251060047,6.0,0.25098631506360286,14.0,0.5856347351484067
Heartland Village/Todt Hill,118,71.37921092155686,1.0,0.014009681349643434,15.0,0.2101452202446515,12.0,0.1681161761957212,8.0,0.11207745079714747,16.0,0.22415490159429494,0.0,0.0,0.0,0.0,75.0,1.0507261012232574
Highbridge,119,6.355574847058863,1.0,0.15734217974991907,1.0,0.15734217974991907,0.0,0.0,0.0,0.0,12.0,1.8881061569990287,1.0,0.15734217974991907,0.0,0.0,2.0,0.31468435949983814
Highbridge Park,120,3.011438953365841,0.0,0.0,0.0,0.0,0.0,0.0,0.0,0.0,2.0,0.6641343327795602,0.0,0.0,0.0,0.0,0.0,0.0
Hillcrest/Pomonok,121,14.993379873225692,0.0,0.0,8.0,0.5335688195485486,12.0,0.8003532293228229,2.0,0.13339220488713716,7.0,0.4668727171049801,1.0,0.06669610244356858,0.0,0.0,34.0,2.2676674830813317
Hollis,122,8.836909227048581,1.0,0.11316173724396032,8.0,0.9052938979516826,8.0,0.9052938979516826,0.0,0.0,5.0,0.5658086862198016,0.0,0.0,1.0,0.11316173724396032,16.0,1.8105877959033652
Homecrest,123,11.579917446624961,0.0,0.0,12.0,1.0362768176294275,25.0,2.1589100367279737,2.0,0.1727128029382379,6.0,0.5181384088147137,0.0,0.0,1.0,0.08635640146911895,34.0,2.9361176499500443
Howard Beach,124,24.657505879282265,0.0,0.0,6.0,0.24333361327681244,2.0,0.08111120442560416,0.0,0.0,5.0,0.20277801106401036,1.0,0.04055560221280208,0.0,0.0,15.0,0.6083340331920312
Hudson Sq,125,1.5852999695680055,2.0,1.2615908903000865,3.0,1.8923863354501298,1.0,0.6307954451500433,3.0,1.8923863354501298,10.0,6.307954451500432,6.0,3.7847726709002596,2.0,1.2615908903000865,26.0,16.400681573901124
Hunts Point,126,19.20648235603794,0.0,0.0,5.0,0.2603287737604981,3.0,0.15619726425629887,1.0,0.052065754752099624,21.0,1.093380849794092,0.0,0.0,3.0,0.15619726425629887,6.0,0.31239452851259775
Inwood,127,5.571748126068834,5.0,0.89738442708963,8.0,1.435815083343408,4.0,0.717907541671704,0.0,0.0,6.0,1.076861312507556,0.0,0.0,3.0,0.538430656253778,26.0,4.666399020866076
Inwood Hill Park,128,3.8544268700371846,0.0,0.0,0.0,0.0,0.0,0.0,0.0,0.0,3.0,0.7783258318690214,0.0,0.0,0.0,0.0,0.0,0.0
Jackson Heights,129,18.471926408892774,10.0,0.541362052806024,17.0,0.9203154897702409,30.0,1.6240861584180721,5.0,0.270681026403012,34.0,1.8406309795404818,2.0,0.1082724105612048,4.0,0.2165448211224096,137.0,7.416660123442529
Jamaica,130,18.26549932525279,11.0,0.602228266751627,15.0,0.8212203637522186,58.0,3.1753854065085787,5.0,0.27374012125073954,13.0,0.7117243152519228,12.0,0.6569762910017749,8.0,0.43798419400118327,135.0,7.390983273769968
Jamaica Estates,131,16.520980767289533,1.0,0.060529094131017626,7.0,0.4237036589171234,36.0,2.1790473887166346,0.0,0.0,7.0,0.4237036589171234,0.0,0.0,0.0,0.0,46.0,2.7843383300268107
JFK Airport,132,75.7051251477121,13.0,0.1717188892381466,1.0,0.013209145326011277,1.0,0.013209145326011277,0.0,0.0,2.0,0.026418290652022555,1.0,0.013209145326011277,18.0,0.237764615868203,60.0,0.7925487195606766
Kensington,133,6.136499553558883,2.0,0.32591870699967596,9.0,1.466634181498542,29.0,4.725821251495302,0.0,0.0,2.0,0.32591870699967596,0.0,0.0,2.0,0.32591870699967596,42.0,6.844292846993196
Kew Gardens,134,7.892596441213292,2.0,0.25340203504596637,5.0,0.6335050876149159,24.0,3.0408244205515964,0.0,0.0,4.0,0.5068040700919327,0.0,0.0,3.0,0.38010305256894955,38.0,4.814638665873361
Kew Gardens Hills,135,18.242982460400075,2.0,0.10963119678163301,13.0,0.7126027790806145,11.0,0.6029715822989815,4.0,0.21926239356326602,38.0,2.082992738851027,1.0,0.054815598390816504,0.0,0.0,41.0,2.2474395340234765
Kingsbridge Heights,136,5.084995683182561,0.0,0.0,2.0,0.393314001546655,3.0,0.5899710023199826,0.0,0.0,5.0,0.9832850038666375,0.0,0.0,1.0,0.1966570007733275,9.0,1.7699130069599476
Kips Bay,137,2.6758691096831075,8.0,2.9896828552078945,8.0,2.9896828552078945,20.0,7.474207138019737,3.0,1.1211310707029605,8.0,2.9896828552078945,1.0,0.3737103569009868,0.0,0.0,65.0,24.291173198564145
LaGuardia Airport,138,12.172232670096754,9.0,0.7393877724758001,0.0,0.0,0.0,0.0,0.0,0.0,2.0,0.16430839388351115,0.0,0.0,10.0,0.8215419694175558,37.0,3.039705286844956
Laurelton,139,17.42807750100529,2.0,0.11475735059616504,8.0,0.45902940238466017,6.0,0.3442720517884951,0.0,0.0,1.0,0.05737867529808252,0.0,0.0,1.0,0.05737867529808252,27.0,1.549224233048228
Lenox Hill East,140,2.8799482607567786,7.0,2.4305992213070433,6.0,2.0833707611203227,19.0,6.597340743547689,3.0,1.0416853805601614,7.0,2.4305992213070433,3.0,1.0416853805601614,0.0,0.0,68.0,23.611535292696992
Lenox Hill West,141,2.9868983531964233,17.0,5.691522773718591,11.0,3.682750030053206,24.0,8.035090974661541,0.0,0.0,4.0,1.3391818291102568,2.0,0.6695909145551284,1.0,0.3347954572775642,115.0,38.50147758691988
Lincoln Square East,142,2.947609276183755,10.0,3.3925799056199595,15.0,5.088869858429939,6.0,2.0355479433719754,18.0,6.106643830115927,17.0,5.767385839553931,6.0,2.0355479433719754,4.0,1.3570319622479838,91.0,30.87247714114163
Lincoln Square West,143,3.161143449751814,3.0,0.9490236832610474,19.0,6.0104833273199665,10.0,3.1634122775368243,6.0,1.8980473665220947,10.0,3.1634122775368243,0.0,0.0,1.0,0.31634122775368245,26.0,8.224871921595744
Little Italy/NoLiTa,144,1.8513183170050789,18.0,9.722801224761294,3.0,1.6204668707935492,20.0,10.803112471956995,2.0,1.0803112471956995,19.0,10.262956848359144,12.0,6.481867483174197,5.0,2.7007781179892487,183.0,98.8484791184065
Long Island City/Hunters Point,145,10.638893391551228,17.0,1.597910550875562,12.0,1.1279368594415733,19.0,1.7859000274491577,9.0,0.8459526445811799,26.0,2.443863195456742,11.0,1.0339421211547755,10.0,0.9399473828679776,131.0,12.313310715570507
Long Island City/Queens Plaza,146,4.078098721008744,5.0,1.2260615404531496,6.0,1.4712738485437795,4.0,0.9808492323625198,2.0,0.4904246161812599,6.0,1.4712738485437795,21.0,5.149458469903228,4.0,0.9808492323625198,42.0,10.298916939806457
Longwood,147,4.143408191159859,0.0,0.0,7.0,1.6894304584652808,1.0,0.24134720835218298,2.0,0.48269441670436597,11.0,2.6548192918740128,0.0,0.0,2.0,0.48269441670436597,2.0,0.48269441670436597
Lower East Side,148,2.7197582385961074,70.0,25.737581747755932,12.0,4.412156871043874,11.0,4.044477131790218,13.0,4.77983661029753,43.0,15.810228787907215,25.0,9.191993481341404,9.0,3.3091176532829056,223.0,81.99258185356533
Madison,149,10.571105369600057,0.0,0.0,17.0,1.608157274535158,15.0,1.4189623010604335,3.0,0.2837924602120867,5.0,0.4729874336868112,0.0,0.0,2.0,0.18919497347472447,35.0,3.3109120358076782
Manhattan Beach,150,7.878287553695949,1.0,0.1269311374057258,3.0,0.38079341221717744,3.0,0.38079341221717744,1.0,0.1269311374057258,3.0,0.38079341221717744,3.0,0.38079341221717744,0.0,0.0,25.0,3.1732784351431453
Manhattan Valley,151,3.4631298590202793,4.0,1.1550245479768413,8.0,2.3100490959536826,17.0,4.908854328901575,0.0,0.0,3.0,0.866268410982631,4.0,1.1550245479768413,2.0,0.5775122739884206,63.0,18.191636630635248
Manhattanville,152,4.111236705288185,2.0,0.48647162480998674,14.0,3.405301373669907,3.0,0.7297074372149801,4.0,0.9729432496199735,10.0,2.4323581240499337,0.0,0.0,3.0,0.7297074372149801,16.0,3.891772998479894
Marble Hill,153,1.2631104737161416,0.0,0.0,1.0,0.7916963882485624,1.0,0.7916963882485624,0.0,0.0,0.0,0.0,0.0,0.0,2.0,1.5833927764971247,4.0,3.1667855529942495
Marine Park/Floyd Bennett Field,154,37.91543537634126,0.0,0.0,2.0,0.05274896569559041,0.0,0.0,3.0,0.07912344854338561,8.0,0.21099586278236163,0.0,0.0,0.0,0.0,2.0,0.05274896569559041
Marine Park/Mill Basin,155,26.768735666989514,0.0,0.0,8.0,0.29885610211562535,1.0,0.03735701276445317,0.0,0.0,9.0,0.3362131148800785,0.0,0.0,0.0,0.0,13.0,0.48564116593789114
Mariners Harbor,156,34.3838036755037,1.0,0.029083460615279083,7.0,0.20358422430695358,4.0,0.11633384246111633,0.0,0.0,5.0,0.14541730307639542,0.0,0.0,0.0,0.0,33.0,0.9597542003042098
Maspeth,157,13.758290533874149,9.0,0.6541510355404394,7.0,0.5087841387536751,25.0,1.817086209834554,2.0,0.14536689678676432,16.0,1.1629351742941145,3.0,0.2180503451801465,0.0,0.0,54.0,3.9249062132426364
Meatpacking/West Village West,158,2.7440611871848497,16.0,5.8307737723642035,1.0,0.3644233607727627,0.0,0.0,2.0,0.7288467215455254,7.0,2.550963525409339,5.0,1.8221168038638136,1.0,0.3644233607727627,48.0,17.49232131709261
Melrose South,159,6.667751839455755,0.0,0.0,21.0,3.149487339305971,6.0,0.8998535255159917,0.0,0.0,14.0,2.0996582262039807,1.0,0.14997558758599863,2.0,0.29995117517199726,5.0,0.7498779379299931
Middle Village,160,22.27463283255552,4.0,0.17957647293533813,4.0,0.17957647293533813,18.0,0.8080941282090216,0.0,0.0,4.0,0.17957647293533813,0.0,0.0,0.0,0.0,21.0,0.9427764829105252
Midtown Center,161,2.802514140279219,21.0,7.493271737036708,3.0,1.070467391005244,9.0,3.211402173015732,3.0,1.070467391005244,15.0,5.35233695502622,21.0,7.493271737036708,2.0,0.7136449273368294,162.0,57.80523911428318
Midtown East,162,1.8664958136208367,7.0,3.750343262983601,5.0,2.678816616416858,13.0,6.96492320268383,0.0,0.0,2.0,1.0715266465667432,24.0,12.858319758800917,5.0,2.678816616416858,144.0,77.1499185528055
Midtown North,163,1.5920709983743566,10.0,6.281126915954673,1.0,0.6281126915954673,9.0,5.653014224359206,6.0,3.768676149572804,6.0,3.768676149572804,26.0,16.33092998148215,2.0,1.2562253831909347,100.0,62.81126915954673
Midtown South,164,2.1683258126995124,24.0,11.068447305951954,9.0,4.150667739731983,7.0,3.228297130902653,3.0,1.3835559132439943,18.0,8.301335479463965,46.0,21.21452400307458,2.0,0.9223706088293295,188.0,86.70283722995697
Midwood,165,13.822254116385936,0.0,0.0,17.0,1.2299006990362682,13.0,0.9405122992630287,0.0,0.0,4.0,0.2893883997732396,0.0,0.0,3.0,0.2170412998299297,16.0,1.1575535990929584
Morningside Heights,166,6.1493645633631315,5.0,0.8130921412253146,24.0,3.90284227788151,11.0,1.788802710695692,5.0,0.8130921412253146,19.0,3.0897501366561952,0.0,0.0,3.0,0.48785528473518874,81.0,13.172092687850096
Morrisania/Melrose,167,6.52202542475283,1.0,0.15332660253128308,13.0,1.9932458329066802,3.0,0.45997980759384927,0.0,0.0,18.0,2.7598788455630956,1.0,0.15332660253128308,1.0,0.15332660253128308,5.0,0.7666330126564155
Mott Haven/Port Morris,168,16.179801087552086,2.0,0.12361091395237844,25.0,1.5451364244047305,3.0,0.18541637092856766,3.0,0.18541637092856766,25.0,1.5451364244047305,2.0,0.12361091395237844,7.0,0.43263819883332455,33.0,2.039580080214244
Mount Hope,169,5.68312438071883,0.0,0.0,3.0,0.5278786454468809,11.0,1.93555503330523,0.0,0.0,18.0,3.1672718726812854,0.0,0.0,4.0,0.7038381939291746,7.0,1.2317168393760556
Murray Hill,170,2.896564450369093,16.0,5.523785254618177,10.0,3.4523657841363606,42.0,14.499936293372715,4.0,1.3809463136545443,7.0,2.4166560488954527,22.0,7.595204725099994,1.0,0.3452365784136361,169.0,58.3449817519045
Murray Hill-Queens,171,20.26561713938532,0.0,0.0,7.0,0.34541262434075165,2.0,0.09868932124021476,1.0,0.04934466062010738,18.0,0.8882038911619329,0.0,0.0,2.0,0.09868932124021476,30.0,1.4803398186032215
New Dorp/Midland Beach,172,21.392290865723375,0.0,0.0,13.0,0.6076955517106283,24.0,1.12189948008116,0.0,0.0,4.0,0.1869832466801933,0.0,0.0,3.0,0.140237435010145,60.0,2.8047487002028997
North Corona,173,6.95022681723362,2.0,0.2877603929472987,7.0,1.0071613753155455,10.0,1.4388019647364938,0.0,0.0,8.0,1.1510415717891949,0.0,0.0,2.0,0.2877603929472987,37.0,5.323567269525027
Norwood,174,6.065933555200653,0.0,0.0,6.0,0.9891305180644249,10.0,1.648550863440708,1.0,0.1648550863440708,4.0,0.6594203453762832,2.0,0.3297101726881416,4.0,0.6594203453762832,7.0,1.1539856044084957
Oakland Gardens,175,19.681690501009502,1.0,0.05080864369596243,11.0,0.5588950806555867,17.0,0.8637469428313612,4.0,0.2032345747838497,16.0,0.8129382991353988,0.0,0.0,0.0,0.0,44.0,2.2355803226223467
Oakwood,176,21.60320357316737,0.0,0.0,6.0,0.2777365856725251,4.0,0.1851577237816834,0.0,0.0,2.0,0.0925788618908417,0.0,0.0,2.0,0.0925788618908417,10.0,0.4628943094542085
Ocean Hill,177,7.76048607786684,1.0,0.12885790786379125,5.0,0.6442895393189563,3.0,0.38657372359137376,1.0,0.12885790786379125,10.0,1.2885790786379125,4.0,0.515431631455165,6.0,0.7731474471827475,17.0,2.1905844336844513
Ocean Parkway South,178,6.865641795689674,0.0,0.0,4.0,0.5826112283503115,0.0,0.0,0.0,0.0,2.0,0.29130561417515577,0.0,0.0,3.0,0.43695842126273365,1.0,0.14565280708757788
Old Astoria,179,6.031370083580181,3.0,0.4973994230875019,7.0,1.1605986538708377,12.0,1.9895976923500076,1.0,0.16579980769583397,4.0,0.6631992307833359,0.0,0.0,0.0,0.0,60.0,9.947988461750038
Ozone Park,180,9.664229840092682,1.0,0.10347436024870138,4.0,0.4138974409948055,3.0,0.31042308074610414,0.0,0.0,8.0,0.827794881989611,2.0,0.20694872049740276,5.0,0.5173718012435069,15.0,1.5521154037305207
Park Slope,181,11.975377443708044,46.0,3.8412150444718347,66.0,5.511308542068284,130.0,10.855607734376923,21.0,1.7535981724762724,13.0,1.0855607734376924,0.0,0.0,6.0,0.501028049278935,330.0,27.55654271034142
Parkchester,182,3.5446546417531555,1.0,0.2821149310911171,3.0,0.8463447932733514,12.0,3.3853791730934057,0.0,0.0,10.0,2.8211493109111716,0.0,0.0,0.0,0.0,26.0,7.334988208369046
Pelham Bay,183,3.704728952578896,1.0,0.2699252800407681,2.0,0.5398505600815362,4.0,1.0797011201630724,0.0,0.0,2.0,0.5398505600815362,1.0,0.2699252800407681,3.0,0.8097758401223043,12.0,3.239103360489217
Pelham Bay Park,184,38.0710166640307,0.0,0.0,0.0,0.0,0.0,0.0,0.0,0.0,2.0,0.05253340139691067,0.0,0.0,0.0,0.0,0.0,0.0
Pelham Parkway,185,8.893537029337642,0.0,0.0,5.0,0.562206013592365,9.0,1.011970824466257,1.0,0.11244120271847301,2.0,0.22488240543694601,0.0,0.0,2.0,0.22488240543694601,11.0,1.2368532299032031
Penn Station/Madison Sq West,186,1.4449681863583055,15.0,10.380851385942199,4.0,2.7682270362512527,5.0,3.460283795314066,4.0,2.7682270362512527,3.0,2.0761702771884396,15.0,10.380851385942199,5.0,3.460283795314066,71.0,49.136029893459735
Port Richmond,187,14.062270239244727,1.0,0.0711122729820124,9.0,0.6400104568381118,6.0,0.42667363789207446,0.0,0.0,5.0,0.35556136491006207,0.0,0.0,0.0,0.0,21.0,1.4933577326222607
Prospect-Lefferts Gardens,188,12.216023271945206,9.0,0.7367372998272698,28.0,2.292071599462617,25.0,2.046492499520194,6.0,0.4911581998848465,6.0,0.4911581998848465,0.0,0.0,4.0,0.327438799923231,102.0,8.34968939804239
Prospect Heights,189,3.9574477224227493,22.0,5.559138501147806,12.0,3.0322573642624393,22.0,5.559138501147806,4.0,1.0107524547541464,8.0,2.021504909508293,0.0,0.0,1.0,0.2526881136885366,102.0,25.774187596230735
Prospect Park,190,10.571323967093571,0.0,0.0,1.0,0.09459553061781108,0.0,0.0,5.0,0.4729776530890554,28.0,2.6486748572987104,0.0,0.0,1.0,0.09459553061781108,11.0,1.040550836795922
Queens Village,191,26.846890202124364,0.0,0.0,10.0,0.37248261995010173,19.0,0.7077169779051934,1.0,0.037248261995010176,11.0,0.4097308819451119,1.0,0.037248261995010176,2.0,0.07449652399002035,41.0,1.5271787417954172
Queensboro Hill,192,14.570715128569582,1.0,0.06863081126603364,4.0,0.27452324506413456,3.0,0.2058924337981009,0.0,0.0,7.0,0.48041567886223546,0.0,0.0,0.0,0.0,16.0,1.0980929802565382
Queensbridge/Ravenswood,193,4.922990224254913,0.0,0.0,6.0,1.2187714634164424,1.0,0.20312857723607372,1.0,0.20312857723607372,6.0,1.2187714634164424,11.0,2.234414349596811,1.0,0.20312857723607372,13.0,2.6406715040689583
Randalls Island,194,9.060401247825883,0.0,0.0,0.0,0.0,3.0,0.33111116361649817,2.0,0.2207407757443321,0.0,0.0,0.0,0.0,0.0,0.0,0.0,0.0
Red Hook,195,9.33159416304489,11.0,1.1787910841174762,8.0,0.8573026066308919,3.0,0.32148847748658443,8.0,0.8573026066308919,11.0,1.1787910841174762,2.0,0.21432565165772297,1.0,0.10716282582886148,35.0,3.750698904010152
Rego Park,196,7.699277152544221,0.0,0.0,6.0,0.7792939364466577,18.0,2.337881809339973,2.0,0.2597646454822192,7.0,0.9091762591877673,2.0,0.2597646454822192,1.0,0.1298823227411096,43.0,5.584939877867714
Richmond Hill,197,19.686745542358462,4.0,0.20318238946064024,13.0,0.6603427657470807,22.0,1.1175031420335213,1.0,0.05079559736516006,6.0,0.30477358419096034,0.0,0.0,4.0,0.20318238946064024,54.0,2.742962257718643
Ridgewood,198,19.49295862362059,33.0,1.6929189989667475,21.0,1.0773120902515665,28.0,1.4364161203354222,9.0,0.4617051815363857,18.0,0.9234103630727714,0.0,0.0,5.0,0.25650287863132537,190.0,9.747109387990365
Rikers Island,199,7.009581162581079,0.0,0.0,0.0,0.0,0.0,0.0,0.0,0.0,0.0,0.0,0.0,0.0,0.0,0.0,0.0,0.0
Riverdale/North Riverdale/Fieldston,200,18.929496942769948,1.0,0.05282760566872573,21.0,1.1093797190432402,1.0,0.05282760566872573,9.0,0.47544845101853156,24.0,1.2678625360494173,0.0,0.0,1.0,0.05282760566872573,7.0,0.3697932396810801
Rockaway Park,201,14.537931849710114,5.0,0.34392787445208034,7.0,0.48149902423291246,4.0,0.27514229956166425,0.0,0.0,11.0,0.7566413237945767,2.0,0.13757114978083212,3.0,0.2063567246712482,27.0,1.8572105220412338
Roosevelt Island,202,2.438922164028426,1.0,0.41001718494708994,4.0,1.6400687397883598,2.0,0.8200343698941799,2.0,0.8200343698941799,10.0,4.100171849470899,1.0,0.41001718494708994,1.0,0.41001718494708994,5.0,2.0500859247354497
Rosedale,203,23.753546335740012,0.0,0.0,6.0,0.25259386178358945,1.0,0.04209897696393158,1.0,0.04209897696393158,5.0,0.21049488481965786,1.0,0.04209897696393158,1.0,0.04209897696393158,22.0,0.9261774932064947
Rossville/Woodrow,204,25.07637100194434,1.0,0.0398781785419614,5.0,0.199390892709807,1.0,0.0398781785419614,0.0,0.0,4.0,0.1595127141678456,2.0,0.0797563570839228,0.0,0.0,17.0,0.6779290352133438
Saint Albans,205,29.889799620250386,3.0,0.100368688921136,10.0,0.33456229640378665,6.0,0.200737377842272,2.0,0.06691245928075733,8.0,0.2676498371230293,0.0,0.0,2.0,0.06691245928075733,41.0,1.3717054152555253
Saint George/New Brighton,206,21.648425375487033,4.0,0.18477094433525332,17.0,0.7852765134248266,9.0,0.41573462475432,11.0,0.5081200969219466,27.0,1.2472038742629599,2.0,0.09238547216762666,4.0,0.18477094433525332,44.0,2.0324803876877864
Saint Michaels Cemetery/Woodside,207,1.7427454627565713,0.0,0.0,0.0,0.0,0.0,0.0,0.0,0.0,1.0,0.5738072606531188,0.0,0.0,0.0,0.0,0.0,0.0
Schuylerville/Edgewater Park,208,34.19577608106156,0.0,0.0,16.0,0.46789404521984757,5.0,0.14621688913120237,0.0,0.0,14.0,0.40940728956736666,0.0,0.0,0.0,0.0,13.0,0.3801639117411262
Seaport,209,1.08067098658906,4.0,3.7014040810193927,4.0,3.7014040810193927,4.0,3.7014040810193927,1.0,0.9253510202548482,9.0,8.328159182293634,4.0,3.7014040810193927,2.0,1.8507020405096963,49.0,45.34219999248756
Sheepshead Bay,210,16.573476606121886,4.0,0.2413494823724846,16.0,0.9653979294899384,16.0,0.9653979294899384,0.0,0.0,9.0,0.5430363353380904,0.0,0.0,2.0,0.1206747411862423,63.0,3.8012543473666325
SoHo,211,1.549066693992325,8.0,5.1643999777582446,1.0,0.6455499972197806,3.0,1.9366499916593416,2.0,1.2910999944395611,22.0,14.202099938835172,5.0,3.2277499860989027,3.0,1.9366499916593416,76.0,49.06179978870332
Soundview/Bruckner,212,6.278552304413965,2.0,0.31854477004101006,5.0,0.7963619251025251,5.0,0.7963619251025251,1.0,0.15927238502050503,5.0,0.7963619251025251,0.0,0.0,3.0,0.47781715506151506,25.0,3.9818096255126254
Soundview/Castle Hill,213,23.012453630627324,0.0,0.0,21.0,0.9125493672717739,4.0,0.1738189270993855,5.0,0.2172736588742319,7.0,0.30418312242392465,0.0,0.0,0.0,0.0,10.0,0.4345473177484638
South Beach/Dongan Hills,214,25.882589619382344,0.0,0.0,6.0,0.23181606200280908,35.0,1.3522603616830529,3.0,0.11590803100140454,4.0,0.15454404133520605,0.0,0.0,2.0,0.07727202066760303,44.0,1.6999844546872667
South Jamaica,215,15.433293661266873,1.0,0.06479498297305858,5.0,0.3239749148652929,3.0,0.19438494891917574,0.0,0.0,9.0,0.5831548467575273,1.0,0.06479498297305858,0.0,0.0,20.0,1.2958996594611716
South Ozone Park,216,31.84194151448217,6.0,0.18843072107494183,14.0,0.43967168250819755,18.0,0.5652921632248255,1.0,0.03140512017915697,10.0,0.3140512017915697,6.0,0.18843072107494183,2.0,0.06281024035831394,56.0,1.7586867300327902
South Williamsburg,217,4.47485185697982,0.0,0.0,23.0,5.139834956575127,4.0,0.8938843402739353,1.0,0.22347108506848382,17.0,3.799008446164225,0.0,0.0,2.0,0.44694217013696763,4.0,0.8938843402739353
Springfield Gardens North,218,10.976275058965589,0.0,0.0,6.0,0.5466335316641968,1.0,0.09110558861069946,0.0,0.0,6.0,0.5466335316641968,5.0,0.45552794305349736,0.0,0.0,7.0,0.6377391202748963
Springfield Gardens South,219,16.7102000056061,0.0,0.0,4.0,0.23937475306447803,0.0,0.0,0.0,0.0,3.0,0.17953106479835854,3.0,0.17953106479835854,0.0,0.0,9.0,0.5385931943950756
Spuyten Duyvil/Kingsbridge,220,8.96665806113801,3.0,0.33457281180400594,5.0,0.5576213530066766,8.0,0.8921941648106825,0.0,0.0,8.0,0.8921941648106825,0.0,0.0,4.0,0.44609708240534124,29.0,3.234203847438724
Stapleton,221,17.96549565360267,4.0,0.2226490199393897,7.0,0.389635784893932,6.0,0.3339735299090846,4.0,0.2226490199393897,12.0,0.6679470598181692,0.0,0.0,3.0,0.1669867649545423,49.0,2.727450494257524
Starrett City,222,4.477934599764055,0.0,0.0,1.0,0.22331724095583946,0.0,0.0,0.0,0.0,0.0,0.0,0.0,0.0,0.0,0.0,3.0,0.6699517228675185
Steinway,223,22.30837329369428,22.0,0.9861767915735279,11.0,0.49308839578676394,25.0,1.120655444969918,0.0,0.0,19.0,0.8516981381771377,1.0,0.04482621779879672,2.0,0.08965243559759344,117.0,5.244667482459216
Stuy Town/Peter Cooper Village,224,2.1503434606454372,0.0,0.0,0.0,0.0,1.0,0.4650419890131619,0.0,0.0,5.0,2.3252099450658097,0.0,0.0,0.0,0.0,10.0,4.650419890131619
Stuyvesant Heights,225,12.126108259025793,14.0,1.1545336476424262,13.0,1.0720669585251101,7.0,0.5772668238212131,1.0,0.08246668911731617,16.0,1.3194670258770587,2.0,0.16493337823463233,3.0,0.24740006735194847,90.0,7.4220020205584545
Sunnyside,226,28.901040311515445,20.0,0.6920166120120984,10.0,0.3460083060060492,19.0,0.6574157814114935,7.0,0.24220581420423445,30.0,1.0380249180181476,5.0,0.1730041530030246,4.0,0.13840332240241968,165.0,5.709137049099812
Sunset Park East,227,10.474607947497795,4.0,0.3818758678176143,7.0,0.668282768680825,24.0,2.291255206905686,5.0,0.4773448347720179,7.0,0.668282768680825,7.0,0.668282768680825,3.0,0.28640690086321074,131.0,12.506434671026868
Sunset Park West,228,19.331772667084834,22.0,1.1380229003757225,25.0,1.2932078413360484,39.0,2.0174042324842354,7.0,0.3620981955740935,8.0,0.41382650922753544,11.0,0.5690114501878613,5.0,0.2586415682672097,160.0,8.27653018455071
Sutton Place/Turtle Bay North,229,2.4778542515335817,11.0,4.439324868761725,4.0,1.614299952276991,7.0,2.825024916484734,1.0,0.40357498806924774,7.0,2.825024916484734,4.0,1.614299952276991,0.0,0.0,77.0,31.075274081332076
Times Sq/Theatre District,230,2.185874225911088,25.0,11.437071586120112,1.0,0.4574828634448045,4.0,1.829931453779218,50.0,22.874143172240224,11.0,5.032311497892849,39.0,17.841831674347375,6.0,2.744897180668827,148.0,67.70746378983107
TriBeCa/Civic Center,231,4.612639514635555,20.0,4.335912211769751,5.0,1.0839780529424377,33.0,7.154255149420089,6.0,1.3007736635309253,38.0,8.238233202362526,11.0,2.384751716473363,8.0,1.7343648847079003,167.0,36.20486696827742
Two Bridges/Seward Park,232,5.878964684700506,6.0,1.0205878622837246,16.0,2.721567632756599,11.0,1.8710777475201616,7.0,1.190685839331012,25.0,4.252449426182186,1.0,0.17009797704728744,1.0,0.17009797704728744,83.0,14.118132094924857
UN/Turtle Bay South,233,2.3716507018355695,5.0,2.1082362576117073,4.0,1.6865890060893658,5.0,2.1082362576117073,2.0,0.8432945030446829,16.0,6.746356024357463,7.0,2.9515307606563903,0.0,0.0,58.0,24.455540588295804
Union Sq,234,2.8497300799955,30.0,10.527312818359054,14.0,4.912745981900891,24.0,8.421850254687243,5.0,1.7545521363931755,13.0,4.561835554622257,11.0,3.8600147000649865,7.0,2.4563729909504457,169.0,59.303862210089335
University Heights/Morris Heights,235,8.204986072784664,0.0,0.0,13.0,1.5844024456202364,1.0,0.12187711120155664,3.0,0.36563133360466993,15.0,1.8281566680233496,0.0,0.0,3.0,0.36563133360466993,7.0,0.8531397784108965
Upper East Side North,236,4.007376698137274,6.0,1.4972388302774096,25.0,6.238495126155873,28.0,6.987114541294578,5.0,1.2476990252311746,8.0,1.9963184403698795,4.0,0.9981592201849397,3.0,0.7486194151387048,119.0,29.695236800501956
Upper East Side South,237,3.7401196052887533,2.0,0.5347422572186943,11.0,2.941082414702819,19.0,5.080051443577596,2.0,0.5347422572186943,10.0,2.6737112860934715,9.0,2.4063401574841246,4.0,1.0694845144373886,76.0,20.320205774310384
Upper West Side North,238,4.741113670776624,5.0,1.0546045396083004,26.0,5.483943605963161,19.0,4.007497250511541,8.0,1.6873672633732804,8.0,1.6873672633732804,5.0,1.0546045396083004,4.0,0.8436836316866402,93.0,19.615644436714383
Upper West Side South,239,5.069866996127482,20.0,3.9448766634857693,11.0,2.169682164917173,12.0,2.3669259980914616,3.0,0.5917314995228654,11.0,2.169682164917173,8.0,1.5779506653943076,2.0,0.3944876663485769,144.0,28.403111977097538
Van Cortlandt Park,240,28.08501697218517,0.0,0.0,0.0,0.0,0.0,0.0,3.0,0.10681852188201058,2.0,0.07121234792134039,0.0,0.0,0.0,0.0,3.0,0.10681852188201058
Van Cortlandt Village,241,9.907518000938518,0.0,0.0,13.0,1.3121348857270345,2.0,0.20186690549646685,0.0,0.0,12.0,1.211201432978801,0.0,0.0,1.0,0.10093345274823343,0.0,0.0
Van Nest/Morris Park,242,14.013834612306079,2.0,0.14271611270791823,8.0,0.5708644508316729,8.0,0.5708644508316729,2.0,0.14271611270791823,9.0,0.642222507185632,1.0,0.07135805635395912,2.0,0.14271611270791823,26.0,1.8553094652029372
Washington Heights North,243,8.750419949005483,6.0,0.6856813770043028,19.0,2.1713243605136254,12.0,1.3713627540086055,3.0,0.3428406885021514,9.0,1.028522065506454,2.0,0.22856045900143424,6.0,0.6856813770043028,47.0,5.371170786533705
Washington Heights South,244,8.918893407841589,2.0,0.2242430656522454,10.0,1.121215328261227,21.0,2.354552189348577,7.0,0.7848507297828589,11.0,1.2333368610873496,0.0,0.0,7.0,0.7848507297828589,57.0,6.390927371088994
West Brighton,245,18.201862337382554,0.0,0.0,9.0,0.4944548987998889,11.0,0.6043337651998643,1.0,0.054939433199987654,7.0,0.3845760323999136,0.0,0.0,0.0,0.0,30.0,1.6481829959996297
West Chelsea/Hudson Yards,246,4.961688595483917,10.0,2.015442889564232,2.0,0.40308857791284636,2.0,0.40308857791284636,9.0,1.8138986006078086,124.0,24.991491830596473,4.0,0.8061771558256927,2.0,0.40308857791284636,29.0,5.844784379736272
West Concourse,247,7.4778949722598895,2.0,0.26745494653498475,5.0,0.6686373663374618,3.0,0.4011824198024771,3.0,0.4011824198024771,12.0,1.6047296792099084,1.0,0.13372747326749237,7.0,0.9360923128724467,22.0,2.9420044118848323
West Farms/Bronx River,248,5.823161060743112,0.0,0.0,8.0,1.3738242711389292,3.0,0.5151841016770985,0.0,0.0,3.0,0.5151841016770985,0.0,0.0,1.0,0.17172803389236616,8.0,1.3738242711389292
West Village,249,2.815287571086111,34.0,12.076919015020241,11.0,3.9072385048594898,9.0,3.196831503975946,5.0,1.776017502208859,25.0,8.880087511044295,0.0,0.0,4.0,1.4208140017670872,180.0,63.93663007951892
Westchester Village/Unionport,250,9.247441584231998,0.0,0.0,7.0,0.7569661226015034,2.0,0.21627603502900097,1.0,0.10813801751450049,5.0,0.5406900875725025,0.0,0.0,2.0,0.21627603502900097,16.0,1.7302082802320078
Westerleigh,251,24.43745595369376,2.0,0.08184157973685051,8.0,0.32736631894740204,19.0,0.7774950075000798,0.0,0.0,7.0,0.28644552907897675,1.0,0.040920789868425254,0.0,0.0,57.0,2.3324850225002396
Whitestone,252,26.6590339218869,1.0,0.037510736620467194,10.0,0.37510736620467194,2.0,0.07502147324093439,0.0,0.0,17.0,0.6376825225479422,1.0,0.037510736620467194,0.0,0.0,13.0,0.4876395760660735
Willets Point,253,2.473234178645473,0.0,0.0,0.0,0.0,0.0,0.0,0.0,0.0,0.0,0.0,0.0,0.0,0.0,0.0,0.0,0.0
Williamsbridge/Olinville,254,14.005218210713245,0.0,0.0,18.0,1.2852352408355165,5.0,0.3570097891209768,0.0,0.0,4.0,0.28560783129678147,2.0,0.14280391564839073,4.0,0.28560783129678147,5.0,0.3570097891209768
Williamsburg (North Side),255,5.6938757789967,42.0,7.376346381655816,10.0,1.7562729480132895,13.0,2.283154832417276,5.0,0.8781364740066447,13.0,2.283154832417276,10.0,1.7562729480132895,1.0,0.17562729480132894,148.0,25.992839630596684
Williamsburg (South Side),256,5.464999944356064,39.0,7.1363221220664315,11.0,2.012808803659763,8.0,1.463860948116191,5.0,0.9149130925726194,18.0,3.29368713326143,4.0,0.7319304740580955,4.0,0.7319304740580955,116.0,21.225983747684772
Windsor Terrace,257,5.421833181460254,5.0,0.9221973145719982,20.0,3.6887892582879926,11.0,2.0288340920583963,4.0,0.7377578516575986,8.0,1.475515703315197,0.0,0.0,2.0,0.3688789258287993,50.0,9.221973145719982
Woodhaven,258,14.286223033197727,2.0,0.13999501445220922,12.0,0.8399700867132553,1.0,0.06999750722610461,0.0,0.0,8.0,0.5599800578088369,0.0,0.0,3.0,0.20999252167831384,51.0,3.569872868531335
Woodlawn/Wakefield,259,15.34410787640896,6.0,0.39102957619483336,9.0,0.58654436429225,5.0,0.3258579801623611,1.0,0.06517159603247222,4.0,0.26068638412988887,1.0,0.06517159603247222,4.0,0.26068638412988887,16.0,1.0427455365195555
Woodside,260,16.462537304714267,22.0,1.3363675108392925,5.0,0.30371988882711193,18.0,1.093391599777603,1.0,0.06074397776542238,18.0,1.093391599777603,4.0,0.24297591106168953,5.0,0.30371988882711193,103.0,6.2566297098385055
World Trade Center,261,1.3393233507736801,3.0,2.239937053488245,3.0,2.239937053488245,4.0,2.9865827379843264,1.0,0.7466456844960816,12.0,8.95974821395298,10.0,7.466456844960816,6.0,4.47987410697649,44.0,32.85241011782759
Yorkville East,262,2.6864192095742725,4.0,1.4889708894815028,5.0,1.8612136118518785,5.0,1.8612136118518785,3.0,1.116728167111127,1.0,0.3722427223703757,1.0,0.3722427223703757,0.0,0.0,28.0,10.422796226370519
Yorkville West,263,2.562314281472667,18.0,7.0248993771578485,9.0,3.5124496885789243,13.0,5.073538439058447,3.0,1.1708165628596414,4.0,1.561088750479522,1.0,0.3902721876198805,1.0,0.3902721876198805,119.0,46.442390326765775
